Name,Url,Price
Basshers Lunkers Wristband,https://googansquad.com/collections/accessories/products/basshers-lunkers-wristband,['$5']
Basshers Rigged Wristband,https://googansquad.com/collections/accessories/products/basshers-rigged-wristband,['$5']
Basshers Wristband,https://googansquad.com/collections/accessories/products/basshers-wristband,['$5']
Catch Fish Not Corona Face Shield,https://googansquad.com/collections/accessories/products/catch-fish-not-corona-face-shield,['$16.99']
Googan Decal 4,https://googansquad.com/collections/accessories/products/googan-decal-4,['$10']
Googan Squad Gift Card,https://googansquad.com/collections/accessories/products/googan-squad-gift-card,['$25']
Googan Squad Mystery Grab Bag,https://googansquad.com/collections/accessories/products/googan-squad-mystery-grab-bag,['$25']
Googan Squad Sticker,https://googansquad.com/collections/accessories/products/googan-squad-sticker,['$8']
Largie Lookers Mondo Optics Googan Squad Sunglasses,https://googansquad.com/collections/accessories/products/largie-lookers-mondo-optics-googan-squad-sunglasses,['$49.99']
Mondo Optics Googan Squad Sunglasses,https://googansquad.com/collections/accessories/products/mondo-optics-googan-squad-sunglasses,['$49.99']
Smallie Spotters Mondo Optics Googan Squad Sunglasses,https://googansquad.com/collections/accessories/products/smallie-spotters-mondo-optics-googan-squad-sunglasses,['$49.99']
Team Googan 4 Sticker,https://googansquad.com/collections/accessories/products/team-googan-4-sticker,['$8']
10 Mondo Worm 8Pk,https://googansquad.com/collections/all/products/10-mondo-worm-8pk,['$5.99']
1Rod1Reel Bundle Bank Fishing,https://googansquad.com/collections/all/products/1rod1reel-bundle-bank-fishing,['$49.99']
6 Lunker Log,https://googansquad.com/collections/all/products/6-lunker-log,['$5.99']
6 Lunker Log 1,https://googansquad.com/collections/all/products/6-lunker-log-1,['$5.99']
Apbassin Bundle,https://googansquad.com/collections/all/products/apbassin-bundle,['$49.99']
Apbassin Bundle 1,https://googansquad.com/collections/all/products/apbassin-bundle-1,['$49.99']
Army Gs Trucker,https://googansquad.com/collections/all/products/army-gs-trucker,['$25.99']
Bandito Bug 4,https://googansquad.com/collections/all/products/bandito-bug-4,['$5.99']
Banger Tshirt,https://googansquad.com/collections/all/products/banger-tshirt,['$26.99']
Bass,https://googansquad.com/collections/all/products/bass,['$16.99']
Bass Mafia Googan Squad 3700 Casket 2 0 Deep,https://googansquad.com/collections/all/products/bass-mafia-googan-squad-3700-casket-2-0-deep,['$21.99']
Bass Mafia Ice Box 3600,https://googansquad.com/collections/all/products/bass-mafia-ice-box-3600,['$18.99']
Basshers Badge,https://googansquad.com/collections/all/products/basshers-badge,['$26.99']
Basshers Bass Bones,https://googansquad.com/collections/all/products/basshers-bass-bones,['$26.99']
Basshers Est,https://googansquad.com/collections/all/products/basshers-est,['$26.99']
Basshers Est Hat,https://googansquad.com/collections/all/products/basshers-est-hat,['$25']
Basshers Est Zip Up Hoodie,https://googansquad.com/collections/all/products/basshers-est-zip-up-hoodie,['$49']
Basshers Face Shield,https://googansquad.com/collections/all/products/basshers-face-shield,['$16.99']
Basshers Flatbill,https://googansquad.com/collections/all/products/basshers-flatbill,['$25']
Basshers Rigged Logo Tee,https://googansquad.com/collections/all/products/basshers-rigged-logo-tee,['$26.99']
Black Multicam Gs Trucker,https://googansquad.com/collections/all/products/black-multicam-gs-trucker,['$25.99']
Black Team Googan T Shirt,https://googansquad.com/collections/all/products/black-team-googan-t-shirt,['$26.99']
Catch Fish Not Corona,https://googansquad.com/collections/all/products/catch-fish-not-corona,['$26.99']
Copy Of Saucy Swimmer 3 8,https://googansquad.com/collections/all/products/copy-of-saucy-swimmer-3-8,['$5.99']
Dangle Trucker Hat,https://googansquad.com/collections/all/products/dangle-trucker-hat,['$25.99']
Drag N Drop 9Pk,https://googansquad.com/collections/all/products/drag-n-drop-9pk,['$5.99']
Feathered Googan Squad Trucker,https://googansquad.com/collections/all/products/feathered-googan-squad-trucker,['$25.99']
Fishing Corona T,https://googansquad.com/collections/all/products/fishing-corona-t,['$26.99']
Flair Daddy T,https://googansquad.com/collections/all/products/flair-daddy-t,['$26.99']
Flair Exotic Tshirt,https://googansquad.com/collections/all/products/flair-exotic-tshirt,['$26.99']
Freedom Team Googan T Shirt,https://googansquad.com/collections/all/products/freedom-team-googan-t-shirt,['$26.99']
Global Googan Midweight Hoodie,https://googansquad.com/collections/all/products/global-googan-midweight-hoodie,['$54.99']
Global Googan Tshirt,https://googansquad.com/collections/all/products/global-googan-tshirt,['$26.99']
Global Googan Tshirt 1,https://googansquad.com/collections/all/products/global-googan-tshirt-1,['$26.99']
Googan Baits Hoodie,https://googansquad.com/collections/all/products/googan-baits-hoodie,['$54.99']
Googan Fleece Hoodie,https://googansquad.com/collections/all/products/googan-fleece-hoodie,['$54.99']
Googan Mountain Hoodie,https://googansquad.com/collections/all/products/googan-mountain-hoodie,['$54.99']
Googan Old School Group Tee,https://googansquad.com/collections/all/products/googan-old-school-group-tee,['$29.99']
Googan Sqaud Ice Box 3700,https://googansquad.com/collections/all/products/googan-sqaud-ice-box-3700,['$26.99']
Googan Squad 100 Pure Fluorocarbon Line,https://googansquad.com/collections/all/products/googan-squad-100-pure-fluorocarbon-line,['$21.99']
Googan Squad 2019 Fall Windbreaker,https://googansquad.com/collections/all/products/googan-squad-2019-fall-windbreaker,['$49.99']
Googan Squad 3700 Bait Casket 2 0,https://googansquad.com/collections/all/products/googan-squad-3700-bait-casket-2-0,['$17.99']
Googan Squad 3700 Bait Coffin,https://googansquad.com/collections/all/products/googan-squad-3700-bait-coffin,['$34.99']
Googan Squad 8X Braided Line,https://googansquad.com/collections/all/products/googan-squad-8x-braided-line,['$19.99']
Googan Squad Banger,https://googansquad.com/collections/all/products/googan-squad-banger,['$7.99']
Googan Squad Blooper,https://googansquad.com/collections/all/products/googan-squad-blooper,['$7.99']
Googan Squad Braided Line Scissors,https://googansquad.com/collections/all/products/googan-squad-braided-line-scissors,['$4.99']
Googan Squad Camo Hoodie,https://googansquad.com/collections/all/products/googan-squad-camo-hoodie,['$54.99']
Googan Squad Filthy Frog,https://googansquad.com/collections/all/products/googan-squad-filthy-frog,['$8.99']
Googan Squad Flat Banger,https://googansquad.com/collections/all/products/googan-squad-flat-banger,['$7.99']
Googan Squad Grande Banger,https://googansquad.com/collections/all/products/googan-squad-grande-banger,['$7.99']
Googan Squad Grande Recon,https://googansquad.com/collections/all/products/googan-squad-grande-recon,['$7.99']
Googan Squad Grass Hero Jig,https://googansquad.com/collections/all/products/googan-squad-grass-hero-jig,['$4.99']
Googan Squad Gridiron Jig,https://googansquad.com/collections/all/products/googan-squad-gridiron-jig,['$4.99']
Googan Squad Gs T Shirt,https://googansquad.com/collections/all/products/googan-squad-gs-t-shirt,['$26.99']
Googan Squad Heavy Hammer Hooks,https://googansquad.com/collections/all/products/googan-squad-heavy-hammer-hooks,['$4.99']
Googan Squad Hound,https://googansquad.com/collections/all/products/googan-squad-hound,['$8.99']
Googan Squad Hummer,https://googansquad.com/collections/all/products/googan-squad-hummer,['$6.49']
Googan Squad Juicee Jig,https://googansquad.com/collections/all/products/googan-squad-juicee-jig,['$4.99']
Googan Squad Klutch,https://googansquad.com/collections/all/products/googan-squad-klutch,['$7.99']
Googan Squad Lil Juicee Jig,https://googansquad.com/collections/all/products/googan-squad-lil-juicee-jig,['$4.99']
Googan Squad Mini Banger,https://googansquad.com/collections/all/products/googan-squad-mini-banger,['$7.99']
Googan Squad Mini Recon,https://googansquad.com/collections/all/products/googan-squad-mini-recon,['$7.99']
Googan Squad Money Bag,https://googansquad.com/collections/all/products/googan-squad-money-bag,['$10.99']
Googan Squad Monofilament Line,https://googansquad.com/collections/all/products/googan-squad-monofilament-line,['$12.49']
Googan Squad Recon,https://googansquad.com/collections/all/products/googan-squad-recon,['$7.99']
Googan Squad Scout,https://googansquad.com/collections/all/products/googan-squad-scout,['$9.99']
Googan Squad Signature Hoodie,https://googansquad.com/collections/all/products/googan-squad-signature-hoodie,['$54.99']
Googan Squad Thicc Jig,https://googansquad.com/collections/all/products/googan-squad-thicc-jig,['$4.99']
Googan Squad Zinger,https://googansquad.com/collections/all/products/googan-squad-zinger,['$6.49']
Green Team Googan T Shirt,https://googansquad.com/collections/all/products/green-team-googan-t-shirt,['$26.99']
Green To The Core T Shirt,https://googansquad.com/collections/all/products/green-to-the-core-t-shirt,['$26.99']
Gs Camo Trucker Hat,https://googansquad.com/collections/all/products/gs-camo-trucker-hat,['$25.99']
Gs Champion Long Sleeve,https://googansquad.com/collections/all/products/gs-champion-long-sleeve,['$39.99']
Gs Champion Long Sleeve 1,https://googansquad.com/collections/all/products/gs-champion-long-sleeve-1,['$39.99']
Gs Hooded Performance Long Sleeve,https://googansquad.com/collections/all/products/gs-hooded-performance-long-sleeve,['$49.99']
Gs Joggers,https://googansquad.com/collections/all/products/gs-joggers,['$42.99']
Gs Water Resistant Jacket,https://googansquad.com/collections/all/products/gs-water-resistant-jacket,['$49.99']
Heather Grey Gs Trucker,https://googansquad.com/collections/all/products/heather-grey-gs-trucker,['$25.99']
Join The Takeover Champion Long Sleeve,https://googansquad.com/collections/all/products/join-the-takeover-champion-long-sleeve,['$39.99']
Join The Takeover Hooded Performance Long Sleeve,https://googansquad.com/collections/all/products/join-the-takeover-hooded-performance-long-sleeve,['$49.99']
Join The Takeover Midweight Hoodie,https://googansquad.com/collections/all/products/join-the-takeover-midweight-hoodie,['$54.99']
Join The Takeover Tshirt,https://googansquad.com/collections/all/products/join-the-takeover-tshirt,['$26.99']
Join The Takeover Tshirt 1,https://googansquad.com/collections/all/products/join-the-takeover-tshirt-1,['$26.99']
Jon B Bundle,https://googansquad.com/collections/all/products/jon-b-bundle,['$49.99']
Klutch Tshirt,https://googansquad.com/collections/all/products/klutch-tshirt,['$26.99']
Krackin Craw 7Pk,https://googansquad.com/collections/all/products/krackin-craw-7pk,['$5.99']
Lakeforkguy Bundle,https://googansquad.com/collections/all/products/lakeforkguy-bundle,['$49.99']
Lojo Bundle Pond Fishing,https://googansquad.com/collections/all/products/lojo-bundle-pond-fishing,['$49.99']
Lunkers Fearless,https://googansquad.com/collections/all/products/lunkers-fearless,['$26.99']
Lunkerstv Bundle,https://googansquad.com/collections/all/products/lunkerstv-bundle,['$49.99']
Midnight Gs Trucker,https://googansquad.com/collections/all/products/midnight-gs-trucker,['$25.99']
Multicam Gs Trucker,https://googansquad.com/collections/all/products/multicam-gs-trucker,['$25.99']
Patterned T Shirt Subscription,https://googansquad.com/collections/all/products/patterned-t-shirt-subscription,['$14.99']
Rattlin Ned 8Pk,https://googansquad.com/collections/all/products/rattlin-ned-8pk,['$5.99']
Recon Tshirt,https://googansquad.com/collections/all/products/recon-tshirt,['$26.99']
Saucy Swimmer 3 3,https://googansquad.com/collections/all/products/saucy-swimmer-3-3,['$5.99']
Saucy Swimmer 4 8,https://googansquad.com/collections/all/products/saucy-swimmer-4-8,['$5.99']
Signature Tshirt 2020,https://googansquad.com/collections/all/products/signature-tshirt-2020,['$25.99']
Signature Tshirt 2021,https://googansquad.com/collections/all/products/signature-tshirt-2021,['$25.99']
Signature Tshirt 2022,https://googansquad.com/collections/all/products/signature-tshirt-2022,['$25.99']
Signature Tshirt 2023,https://googansquad.com/collections/all/products/signature-tshirt-2023,['$25.99']
Signature Tshirt 2024,https://googansquad.com/collections/all/products/signature-tshirt-2024,['$25.99']
Signature Tshirt 2025,https://googansquad.com/collections/all/products/signature-tshirt-2025,['$25.99']
Slim Shake Worm,https://googansquad.com/collections/all/products/slim-shake-worm,['$5.99']
Spawn Season Bundle 2020,https://googansquad.com/collections/all/products/spawn-season-bundle-2020,['$35']
Split Ring Pliers,https://googansquad.com/collections/all/products/split-ring-pliers,['$12.99']
Squad Champion Long Sleeve,https://googansquad.com/collections/all/products/squad-champion-long-sleeve,['$34.99']
Squad Midweight Hoodie,https://googansquad.com/collections/all/products/squad-midweight-hoodie,['$54.99']
Squad Sweatshirt,https://googansquad.com/collections/all/products/squad-sweatshirt,['$39.99']
Team Googan Hoodie,https://googansquad.com/collections/all/products/team-googan-hoodie,['$54.99']
The Logo Trucker,https://googansquad.com/collections/all/products/the-logo-trucker,['$24.99']
The Squad Hoodie Limited Quantities,https://googansquad.com/collections/all/products/the-squad-hoodie-limited-quantities,['$64.99']
Trench Hawg 6,https://googansquad.com/collections/all/products/trench-hawg-6,['$5.99']
Youth Googan Fleece Hoodie,https://googansquad.com/collections/all/products/youth-googan-fleece-hoodie,['$45.99']
