Name,Url,Price ($)
4Th Of July With Stars And Stripes T Shirt.Html,https://www.sonsoflibertytees.com/shop/4th-of-july-with-stars-and-stripes-t-shirt.html,28.99
Sons Of Liberty A Girl And Her Guns Hoodie Sweatshirt Pullover Mens Black External.Html,https://www.sonsoflibertytees.com/shop/sons-of-liberty-a-girl-and-her-guns-hoodie-sweatshirt-pullover-mens-black-external.html,45.49
Sons Of Liberty A Girl And Her Guns Womens T Shirt External.Html,https://www.sonsoflibertytees.com/shop/sons-of-liberty-a-girl-and-her-guns-womens-t-shirt-external.html,25.99
Sons Of Liberty A Girl And Her Guns Womens Tee Ladies Fitted T Shirt External.Html,https://www.sonsoflibertytees.com/shop/sons-of-liberty-a-girl-and-her-guns-womens-tee-ladies-fitted-t-shirt-external.html,25.99
Sons Of Liberty Country Girls Carry Gunscarry Bullets And Have Good Aim Hoodie Sweatshirt Pullover Mens Black External.Html,https://www.sonsoflibertytees.com/shop/sons-of-liberty-country-girls-carry-gunscarry-bullets-and-have-good-aim-hoodie-sweatshirt-pullover-mens-black-external.html,45.49
Sons Of Liberty Country Girls Carry Gunscarry Bullets And Have Good Aim Womens T Shirt External.Html,https://www.sonsoflibertytees.com/shop/sons-of-liberty-country-girls-carry-gunscarry-bullets-and-have-good-aim-womens-t-shirt-external.html,25.99
Sons Of Liberty Defend The Constitution Defend Your Freedom Hoodie Sweatshirt Pullover Mens Black External.Html,https://www.sonsoflibertytees.com/shop/sons-of-liberty-defend-the-constitution-defend-your-freedom-hoodie-sweatshirt-pullover-mens-black-external.html,45.49
Sons Of Liberty Defend The Constitution Defend Your Freedom T Shirt External.Html,https://www.sonsoflibertytees.com/shop/sons-of-liberty-defend-the-constitution-defend-your-freedom-t-shirt-external.html,25.99
Sons Of Liberty Defend The Constitution Defend Your Freedom Womens Tee Ladies Fitted T Shirt External.Html,https://www.sonsoflibertytees.com/shop/sons-of-liberty-defend-the-constitution-defend-your-freedom-womens-tee-ladies-fitted-t-shirt-external.html,25.99
Sons Of Liberty Dont Steal The Government Hates Competition Hoodie Sweatshirt Pullover Mens Black External.Html,https://www.sonsoflibertytees.com/shop/sons-of-liberty-dont-steal-the-government-hates-competition-hoodie-sweatshirt-pullover-mens-black-external.html,45.49
Sons Of Liberty Dont Steal The Government Hates Competition T Shirt External.Html,https://www.sonsoflibertytees.com/shop/sons-of-liberty-dont-steal-the-government-hates-competition-t-shirt-external.html,25.99
Sons Of Liberty Dont Steal The Government Hates Competition Womens Tee Ladies Fitted T Shirt External.Html,https://www.sonsoflibertytees.com/shop/sons-of-liberty-dont-steal-the-government-hates-competition-womens-tee-ladies-fitted-t-shirt-external.html,25.99
Sons Of Liberty Dont Tread On Me American Grit Hoodie Sweatshirt Pullover Mens Black External.Html,https://www.sonsoflibertytees.com/shop/sons-of-liberty-dont-tread-on-me-american-grit-hoodie-sweatshirt-pullover-mens-black-external.html,45.49
Sons Of Liberty Dont Tread On Me American Grit T Shirt External.Html,https://www.sonsoflibertytees.com/shop/sons-of-liberty-dont-tread-on-me-american-grit-t-shirt-external.html,25.99
Sons Of Liberty Dont Tread On Me American Grit Womens Tee Ladies Fitted T Shirt External.Html,https://www.sonsoflibertytees.com/shop/sons-of-liberty-dont-tread-on-me-american-grit-womens-tee-ladies-fitted-t-shirt-external.html,25.99
Sons Of Liberty Dont Tread On Me Snake Sons Of Liberty Hoodie Sweatshirt Pullover Mens Black External.Html,https://www.sonsoflibertytees.com/shop/sons-of-liberty-dont-tread-on-me-snake-sons-of-liberty-hoodie-sweatshirt-pullover-mens-black-external.html,45.49
Sons Of Liberty Dont Tread On Me Snake Sons Of Liberty T Shirt External.Html,https://www.sonsoflibertytees.com/shop/sons-of-liberty-dont-tread-on-me-snake-sons-of-liberty-t-shirt-external.html,25.99
Sons Of Liberty Dont Tread On The Second Amendment Freedom Liberty The Constitution Hoodie Sweatshirt Pullover Mens Black External.Html,https://www.sonsoflibertytees.com/shop/sons-of-liberty-dont-tread-on-the-second-amendment-freedom-liberty-the-constitution-hoodie-sweatshirt-pullover-mens-black-external.html,45.49
Sons Of Liberty Dont Tread On The Second Amendment Freedom Liberty The Constitution T Shirt External.Html,https://www.sonsoflibertytees.com/shop/sons-of-liberty-dont-tread-on-the-second-amendment-freedom-liberty-the-constitution-t-shirt-external.html,25.99
Sons Of Liberty Dont Tread On The Second Amendment Freedom Liberty The Constitution Womens Tee Ladies Fitted T Shirt External.Html,https://www.sonsoflibertytees.com/shop/sons-of-liberty-dont-tread-on-the-second-amendment-freedom-liberty-the-constitution-womens-tee-ladies-fitted-t-shirt-external.html,25.99
Sons Of Liberty Good Girls Carry Guns Hoodie Sweatshirt Pullover Mens Black External.Html,https://www.sonsoflibertytees.com/shop/sons-of-liberty-good-girls-carry-guns-hoodie-sweatshirt-pullover-mens-black-external.html,45.49
Sons Of Liberty Good Girls Carry Guns Womens T Shirt External.Html,https://www.sonsoflibertytees.com/shop/sons-of-liberty-good-girls-carry-guns-womens-t-shirt-external.html,25.99
Sons Of Liberty Good Girls Carry Guns Womens Tee Ladies Fitted T Shirt External.Html,https://www.sonsoflibertytees.com/shop/sons-of-liberty-good-girls-carry-guns-womens-tee-ladies-fitted-t-shirt-external.html,25.99
Sons Of Liberty Hey Obama Shall Not Be Infringed Hoodie Sweatshirt Pullover Mens Black External.Html,https://www.sonsoflibertytees.com/shop/sons-of-liberty-hey-obama-shall-not-be-infringed-hoodie-sweatshirt-pullover-mens-black-external.html,45.49
Sons Of Liberty Hey Obama Shall Not Be Infringed T Shirt External.Html,https://www.sonsoflibertytees.com/shop/sons-of-liberty-hey-obama-shall-not-be-infringed-t-shirt-external.html,25.99
Sons Of Liberty Hey Obama Shall Not Be Infringed Womens Tee Ladies Fitted T Shirt External.Html,https://www.sonsoflibertytees.com/shop/sons-of-liberty-hey-obama-shall-not-be-infringed-womens-tee-ladies-fitted-t-shirt-external.html,25.99
Sons Of Liberty I Am One Of The People Who Pays For All The Free Stuff Obama Gives You Hoodie Sweatshirt Pullover Mens Black External.Html,https://www.sonsoflibertytees.com/shop/sons-of-liberty-i-am-one-of-the-people-who-pays-for-all-the-free-stuff-obama-gives-you-hoodie-sweatshirt-pullover-mens-black-external.html,45.49
Sons Of Liberty I Am One Of The People Who Pays For All The Free Stuff Obama Gives You T Shirt External.Html,https://www.sonsoflibertytees.com/shop/sons-of-liberty-i-am-one-of-the-people-who-pays-for-all-the-free-stuff-obama-gives-you-t-shirt-external.html,25.99
Sons Of Liberty I Am One Of The People Who Pays For All The Free Stuff Obama Gives You Womens Tee Ladies Fitted T Shirt External.Html,https://www.sonsoflibertytees.com/shop/sons-of-liberty-i-am-one-of-the-people-who-pays-for-all-the-free-stuff-obama-gives-you-womens-tee-ladies-fitted-t-shirt-external.html,25.99
Sons Of Liberty I Am The Gun Ownin God Fearin American Obama Warned You About Black Print Pullover Mens Black External.Html,https://www.sonsoflibertytees.com/shop/sons-of-liberty-i-am-the-gun-ownin-god-fearin-american-obama-warned-you-about-black-print-pullover-mens-black-external.html,45.49
Sons Of Liberty I Am The Gun Ownin God Fearin American Obama Warned You About Hoodie Sweatshirt Pullover Mens Black External.Html,https://www.sonsoflibertytees.com/shop/sons-of-liberty-i-am-the-gun-ownin-god-fearin-american-obama-warned-you-about-hoodie-sweatshirt-pullover-mens-black-external.html,54.49
Sons Of Liberty I Am The Gun Ownin God Fearin American Obama Warned You About T Shirt External.Html,https://www.sonsoflibertytees.com/shop/sons-of-liberty-i-am-the-gun-ownin-god-fearin-american-obama-warned-you-about-t-shirt-external.html,32.99
Sons Of Liberty I Am The Gun Ownin God Fearin American Obama Warned You About Womens Tee Ladies Fitted T Shirt External.Html,https://www.sonsoflibertytees.com/shop/sons-of-liberty-i-am-the-gun-ownin-god-fearin-american-obama-warned-you-about-womens-tee-ladies-fitted-t-shirt-external.html,32.99
Sons Of Liberty I Will Defend My Rights Against All Enemies Foreign And Obama Hoodie Sweatshirt Pullover Mens Black External.Html,https://www.sonsoflibertytees.com/shop/sons-of-liberty-i-will-defend-my-rights-against-all-enemies-foreign-and-obama-hoodie-sweatshirt-pullover-mens-black-external.html,45.49
Sons Of Liberty I Will Defend My Rights Against All Enemies Foreign And Obama T Shirt External.Html,https://www.sonsoflibertytees.com/shop/sons-of-liberty-i-will-defend-my-rights-against-all-enemies-foreign-and-obama-t-shirt-external.html,25.99
Sons Of Liberty I Will Defend My Rights Against All Enemies Foreign And Obama Womens Tee Ladies Fitted T Shirt External.Html,https://www.sonsoflibertytees.com/shop/sons-of-liberty-i-will-defend-my-rights-against-all-enemies-foreign-and-obama-womens-tee-ladies-fitted-t-shirt-external.html,25.99
Sons Of Liberty Ill Give You My Guns When You Pry Them From My Cold Dead Hands Black Print Pullover Mens Black External.Html,https://www.sonsoflibertytees.com/shop/sons-of-liberty-ill-give-you-my-guns-when-you-pry-them-from-my-cold-dead-hands-black-print-pullover-mens-black-external.html,45.49
Sons Of Liberty Keep Calm And Defend The Constitution Hoodie Sweatshirt Pullover Mens Black External.Html,https://www.sonsoflibertytees.com/shop/sons-of-liberty-keep-calm-and-defend-the-constitution-hoodie-sweatshirt-pullover-mens-black-external.html,45.49
Sons Of Liberty Keep Calm And Defend The Constitution T Shirt External.Html,https://www.sonsoflibertytees.com/shop/sons-of-liberty-keep-calm-and-defend-the-constitution-t-shirt-external.html,25.99
Sons Of Liberty Ladies T Shirt Country Girls Carry Gunscarry Bullets And Have Good Aim Womens Tee External.Html,https://www.sonsoflibertytees.com/shop/sons-of-liberty-ladies-t-shirt-country-girls-carry-gunscarry-bullets-and-have-good-aim-womens-tee-external.html,25.99
Sons Of Liberty Ladies T Shirt Keep Calm And Defend The Constitution Womens Tee External.Html,https://www.sonsoflibertytees.com/shop/sons-of-liberty-ladies-t-shirt-keep-calm-and-defend-the-constitution-womens-tee-external.html,25.99
Sons Of Liberty Liberty Rebel Resist Revolt Hoodie Sweatshirt Pullover Mens Black External.Html,https://www.sonsoflibertytees.com/shop/sons-of-liberty-liberty-rebel-resist-revolt-hoodie-sweatshirt-pullover-mens-black-external.html,45.49
Sons Of Liberty Liberty Rebel Resist Revolt T Shirt External.Html,https://www.sonsoflibertytees.com/shop/sons-of-liberty-liberty-rebel-resist-revolt-t-shirt-external.html,25.99
Sons Of Liberty Liberty Rebel Resist Revolt Womens Tee Ladies Fitted T Shirt External.Html,https://www.sonsoflibertytees.com/shop/sons-of-liberty-liberty-rebel-resist-revolt-womens-tee-ladies-fitted-t-shirt-external.html,25.99
Sons Of Liberty Raising Hell For Liberty Dont Tread On Me Hoodie Sweatshirt Pullover Mens Black External.Html,https://www.sonsoflibertytees.com/shop/sons-of-liberty-raising-hell-for-liberty-dont-tread-on-me-hoodie-sweatshirt-pullover-mens-black-external.html,45.49
Sons Of Liberty Raising Hell For Liberty Dont Tread On Me T Shirt External.Html,https://www.sonsoflibertytees.com/shop/sons-of-liberty-raising-hell-for-liberty-dont-tread-on-me-t-shirt-external.html,25.99
Sons Of Liberty Raising Hell For Liberty Dont Tread On Me Womens Tee Ladies Fitted T Shirt External.Html,https://www.sonsoflibertytees.com/shop/sons-of-liberty-raising-hell-for-liberty-dont-tread-on-me-womens-tee-ladies-fitted-t-shirt-external.html,25.99
Sons Of Liberty Sons Of Liberty Defend Liberty Defend The Republic Hoodie Sweatshirt Pullover Mens Black External.Html,https://www.sonsoflibertytees.com/shop/sons-of-liberty-sons-of-liberty-defend-liberty-defend-the-republic-hoodie-sweatshirt-pullover-mens-black-external.html,45.49
Sons Of Liberty Sons Of Liberty Defend Liberty Defend The Republic T Shirt External.Html,https://www.sonsoflibertytees.com/shop/sons-of-liberty-sons-of-liberty-defend-liberty-defend-the-republic-t-shirt-external.html,25.99
Sons Of Liberty Sons Of Liberty Defend Liberty Defend The Republic Womens Tee Ladies Fitted T Shirt External.Html,https://www.sonsoflibertytees.com/shop/sons-of-liberty-sons-of-liberty-defend-liberty-defend-the-republic-womens-tee-ladies-fitted-t-shirt-external.html,25.99
Sons Of Liberty Usaf Death From Above Hoodie Sweatshirt Pullover Mens Black External.Html,https://www.sonsoflibertytees.com/shop/sons-of-liberty-usaf-death-from-above-hoodie-sweatshirt-pullover-mens-black-external.html,45.49
Sons Of Liberty Usaf Death From Above T Shirt External.Html,https://www.sonsoflibertytees.com/shop/sons-of-liberty-usaf-death-from-above-t-shirt-external.html,25.99
Sons Of Liberty Usaf Death From Above Womens Tee Ladies Fitted T Shirt External.Html,https://www.sonsoflibertytees.com/shop/sons-of-liberty-usaf-death-from-above-womens-tee-ladies-fitted-t-shirt-external.html,25.99
Sons Of Liberty Warning Corrosive Toxic Solution Of Tyranny Poison Hoodie Sweatshirt Pullover Mens Black External.Html,https://www.sonsoflibertytees.com/shop/sons-of-liberty-warning-corrosive-toxic-solution-of-tyranny-poison-hoodie-sweatshirt-pullover-mens-black-external.html,45.49
Sons Of Liberty Warning Corrosive Toxic Solution Of Tyranny Poison T Shirt External.Html,https://www.sonsoflibertytees.com/shop/sons-of-liberty-warning-corrosive-toxic-solution-of-tyranny-poison-t-shirt-external.html,25.99
Sons Of Liberty Warning Corrosive Toxic Solution Of Tyranny Poison Womens Tee Ladies Fitted T Shirt External.Html,https://www.sonsoflibertytees.com/shop/sons-of-liberty-warning-corrosive-toxic-solution-of-tyranny-poison-womens-tee-ladies-fitted-t-shirt-external.html,25.99
Sons Of Liberty When Guns Are Outlawed I Will Be An Outlaw Black Print Pullover Mens Black External.Html,https://www.sonsoflibertytees.com/shop/sons-of-liberty-when-guns-are-outlawed-i-will-be-an-outlaw-black-print-pullover-mens-black-external.html,45.49
Sons Of Liberty Womens Tank Top A Girl And Her Guns Womens Tank Top External.Html,https://www.sonsoflibertytees.com/shop/sons-of-liberty-womens-tank-top-a-girl-and-her-guns-womens-tank-top-external.html,27.94
Sons Of Liberty Womens Tank Top Country Girls Carry Gunscarry Bullets And Have Good Aim Womens Tank Top External.Html,https://www.sonsoflibertytees.com/shop/sons-of-liberty-womens-tank-top-country-girls-carry-gunscarry-bullets-and-have-good-aim-womens-tank-top-external.html,27.94
Sons Of Liberty Womens Tank Top Dont Steal The Government Hates Competition Womens Tank Top External.Html,https://www.sonsoflibertytees.com/shop/sons-of-liberty-womens-tank-top-dont-steal-the-government-hates-competition-womens-tank-top-external.html,27.94
Sons Of Liberty Womens Tank Top Dont Tread On Me Snake Sons Of Liberty Womens Tank Top External.Html,https://www.sonsoflibertytees.com/shop/sons-of-liberty-womens-tank-top-dont-tread-on-me-snake-sons-of-liberty-womens-tank-top-external.html,27.94
Sons Of Liberty Womens Tank Top Hey Obama Shall Not Be Infringed Womens Tank Top External.Html,https://www.sonsoflibertytees.com/shop/sons-of-liberty-womens-tank-top-hey-obama-shall-not-be-infringed-womens-tank-top-external.html,27.94
Sons Of Liberty Womens Tank Top I Am One Of The People Who Pays For All The Free Stuff Obama Gives You Womens Tank Top External.Html,https://www.sonsoflibertytees.com/shop/sons-of-liberty-womens-tank-top-i-am-one-of-the-people-who-pays-for-all-the-free-stuff-obama-gives-you-womens-tank-top-external.html,27.94
Sons Of Liberty Womens Tank Top I Am The Gun Ownin God Fearin American Obama Warned You About Womens Tank Top External.Html,https://www.sonsoflibertytees.com/shop/sons-of-liberty-womens-tank-top-i-am-the-gun-ownin-god-fearin-american-obama-warned-you-about-womens-tank-top-external.html,38.94
Sons Of Liberty Womens Tank Top I Will Defend My Rights Against All Enemies Foreign And Obama Womens Tank Top External.Html,https://www.sonsoflibertytees.com/shop/sons-of-liberty-womens-tank-top-i-will-defend-my-rights-against-all-enemies-foreign-and-obama-womens-tank-top-external.html,27.94
Sons Of Liberty Womens Tank Top Keep Calm And Defend The Constitution Womens Tank Top External.Html,https://www.sonsoflibertytees.com/shop/sons-of-liberty-womens-tank-top-keep-calm-and-defend-the-constitution-womens-tank-top-external.html,27.94
Sons Of Liberty Womens Tank Top Warning Corrosive Toxic Solution Of Tyranny Poison Womens Tank Top External.Html,https://www.sonsoflibertytees.com/shop/sons-of-liberty-womens-tank-top-warning-corrosive-toxic-solution-of-tyranny-poison-womens-tank-top-external.html,27.94
